dat,wind_force_QC,wind_direction,lon,station_id,sunshine_total_QC,imei,sunshine_total_offset,tt_logger,water_sea_level_QC,wind_force_offset,wl_radar,minimum_temperature_offset,rr10_offset,tt_logger_QC,wind_max_1h_direction,rr,wl_radar_QC,pressure,ph_sea_QC,battery_level,sea_surface_salinity_QC,sea_temperature_offset,ssr_sea_max,minimum_temperature,avg_relative_humidity_QC,maximum_temperature,ssr_sea_QC,ssr_sea_offset,tt_logger_offset,water_sea_level_offset,wl_radar_offset,pressure_QC,process,ssr_sea,ph_sea,temperature_QC,sunshine_total,wind_max_1h_direction_offset,temperature_offset,sea_temperature_QC,temperature,rr_offset,avg_relative_humidity_offset,wind_max_1h_offset,lat,dew_point_temperature_QC,station_name,sea_temperature,ssr_sea_max_QC,sea_surface_salinity,ssr_sea_max_offset,wind_max_1h_direction_QC,ph_sea_offset,rr_QC,minimum_temperature_QC,water_sea_level,pressure_offset,wind_force,wind_max_1h,comm_type,avg_relative_humidity,maximum_temperature_offset,rr10_QC,wind_direction_QC,sea_surface_salinity_offset,wind_direction_offset,maximum_temperature_QC,wind_max_1h_QC,rr10,dew_point_temperature,battery_level_QC,bmkg_id,dew_point_temperature_offset
2025-01-01,1.0,208.6,111.728834,wigos_id:0-22000-0-5301768,1.0,300234068448940,0.0,27.0,1.0,0.0602871228440486,1.735,0.05,0.0,1.0,208.05,0.0,1.0,100967.0,1.0,13.642,1.0,-0.03,232.6,300.2,1.0,300.7,1.0,0.0,0.0,0.03,3.38,1.0,MAWS,2243.6,6.99,1.0,0 days 10:12:00,0.15,0.05,1.0,300.4,0.0,-1.3,0.1085168211192875,-2.739063,1.0,PANGKALAN BUN,301.96,1.0,9.04,0.0,1.0,0.0,1.0,1.0,2.206,-0.13,1.057034220532319,1.902661596958175,gsm,81.2,0.05,1.0,1.0,0.0,-2.0,1.0,1.0,0.0,297.25,1.0,PBU,0.0
2025-01-01,1.0,211.77,136.0768311,wigos_id:0-22000-0-5301795,1.0,300534061806700,0.0,27.0,1.0,-0.35,2.564187494,0.08,0.0,1.0,209.45,2.2,1.0,101096.0,1.0,12.94,1.0,-0.18,19.34971272229822,298.83,1.0,299.03,1.0,-36.265,0.0,-0.01,4.849187494,1.0,MAWS,296.33500000000004,8.120000000000001,1.0,0 days 08:12:00,-0.35,0.08,1.0,298.92999999999995,0.0,0.54,-0.35,-1.1856791,1.0,BIAK,302.98999999999995,1.0,33.75,-9.599416304707866,1.0,0.0,1.0,1.0,2.587,-0.34,4.8500000000000005,7.75,gsm,93.44,0.08,1.0,1.0,0.0,-5.33,1.0,1.0,0.0,297.75,1.0,BIK,0.0
2025-01-01,1.0,204.8,117.20644,wigos_id:0-22000-0-5301785,1.0,300534061608660,0.0,27.0,1.0,0.0,2.914,0.0,-0.0,1.0,203.7,0.0,1.0,100950.0,1.0,13.876,1.0,0.05,357.1,300.65,1.0,301.04999999999995,1.0,0.0,0.0,0.06,6.17,1.0,MAWS,3433.5,10.18,1.0,0 days 07:24:00,0.0,0.0,1.0,300.95,-0.0,-1.7,0.0,-0.570467,1.0,SAMARINDA,300.77,1.0,0.04,0.0,1.0,0.0,1.0,1.0,3.123,0.0,1.0,1.9,gsm,85.8,0.0,1.0,1.0,0.0,-3.0,1.0,1.0,0.0,298.45,1.0,SMR,0.0
2025-01-01,1.0,317.3,104.48835,wigos_id:0-22000-0-5301777,1.0,300534061801600,0.0,27.0,1.0,-0.1677293163253101,4.775,0.1,-0.0,1.0,303.17,0.1999,1.0,100902.0,1.0,13.174,1.0,0.11,73.7,300.15,1.0,300.15,1.0,0.0,0.0,0.07,6.71,1.0,MAWS,656.6,6.66,1.0,0 days 09:00:00,-0.33,0.1,1.0,300.15,-0.0001,0.11,-0.2715617502409783,-2.21751,1.0,PALEMBANG,302.09,1.0,14.67,0.0,1.0,0.0,1.0,1.0,5.24,-0.08,1.9161803713527847,3.102387267904509,gsm,96.61,0.1,1.0,1.0,0.0,10.5,1.0,1.0,0.0,299.54999999999995,1.0,PLG,0.0
2025-01-01,1.0,153.3,125.014493,wigos_id:0-22000-0-5301772,1.0,300534061904200,0.0,26.0,1.0,-0.1904526315789474,3.388,0.038,0.0,1.0,163.778,2.4000000000000004,1.0,100949.7,1.0,13.408,1.0,0.157,202.2,300.088,1.0,300.188,1.0,0.0,0.0,0.06,6.17,1.0,MAWS,1659.1,8.15,1.0,0 days 08:06:00,-0.222,0.038,1.0,300.088,0.0,-0.334,-0.222,1.698828,1.0,LIKUPANG,302.657,1.0,33.55,0.0,1.0,0.0,1.0,1.0,3.463,-0.003,0.9780000000000002,1.4780000000000002,gsm,91.966,0.038,1.0,1.0,0.0,0.0,1.0,1.0,0.0,298.65,1.0,ARM,0.0
2025-01-01,1.0,48.6,96.039472,wigos_id:0-22000-0-5301776,1.0,300534061809840,0.0,26.0,1.0,-0.2571428571428572,3.253,0.04,0.0,1.0,42.60000000000001,0.0,1.0,100880.0,4.0,12.94,1.0,-0.5,17.6,296.59,1.0,296.59,1.0,0.0,0.0,0.22,7.0,1.0,MAWS,47.0,1310.71,1.0,0 days 07:54:00,-0.3,0.04,1.0,296.59,0.0,0.23,-0.3,4.207534,1.0,MEULABOH,302.39,1.0,18.77,0.0,1.0,0.0,1.0,1.0,3.3280000000000003,-0.1,1.8,2.2,gsm,93.93,0.04,1.0,1.0,0.0,-5.0,1.0,1.0,0.0,295.45,1.0,MBO,0.0
2025-01-01,1.0,94.1,120.466757,wigos_id:0-22000-0-5301804,1.0,300534063743840,0.0,29.0,1.0,0.0,1.312415276,0.0,-0.0,1.0,99.3,0.0,1.0,100841.0,9.0,13.174,9.0,0.04,155.60000000000002,301.65,1.0,301.85,1.0,0.0,0.0,0.0,-2.694584724,1.0,MAWS,1244.6,,1.0,0 days 08:42:00,0.0,0.0,9.0,301.75,-0.0,-0.6,0.0,-5.606003,1.0,BIRA,,1.0,,0.0,1.0,0.0,1.0,1.0,1.37,-0.29,3.5,4.2,gsm,78.30000000000001,0.0,1.0,1.0,0.0,0.0,1.0,1.0,0.0,297.85,1.0,BLK,0.0
2025-01-01,1.0,259.1,99.469821,wigos_id:0-22000-0-5301778,1.0,300534061802860,0.0,26.0,1.0,-0.0906462585034013,3.567,0.2,0.0,1.0,249.1,0.0,1.0,100920.0,1.0,12.94,1.0,0.2,16.5,298.85,1.0,298.95,1.0,0.0,0.0,0.02,1.63,1.0,MAWS,110.1,7.9,1.0,0 days 08:48:00,-0.1,0.2,1.0,298.85,0.0,-2.7,-0.0976190476190476,3.380154,1.0,KUALA TANJUNG,302.27,1.0,29.02,0.0,1.0,0.0,1.0,1.0,3.581,-0.1,3.807142857142857,4.1000000000000005,gsm,86.5,0.2,1.0,1.0,0.0,5.0,1.0,1.0,0.0,296.65,1.0,TBT,0.0
2025-01-01,1.0,105.1,95.294757,wigos_id:0-22000-0-5301775,1.0,300534061802870,0.0,27.0,1.0,0.14,0.9350000000000004,-0.2,0.0,1.0,92.84,0.0,1.0,100920.0,1.0,12.94,1.0,-0.3,0.0,298.85,1.0,298.95,1.0,0.0,0.0,-0.04,-4.34,1.0,MAWS,0.0,8.040000000000001,1.0,0 days 08:48:00,0.14,-0.2,1.0,298.95,0.0,3.9,0.14,5.566502,1.0,ULEE LHEUE,301.26,1.0,32.15,0.0,1.0,0.0,1.0,1.0,0.921,-0.2,4.14,4.64,gsm,90.6,-0.2,1.0,1.0,0.0,14.0,1.0,1.0,0.0,296.65,1.0,BNA,0.0
2025-01-01,1.0,238.2,123.043262,wigos_id:0-22000-0-5301786,1.0,300534063747750,0.0,29.0,9.0,-0.0282548476454293,2.605874463,-0.61,-0.0,1.0,248.4,0.0,1.0,100859.0,9.0,13.642,9.0,0.1,382.9,302.74,1.0,303.64,1.0,0.0,0.0,,6.365874463,1.0,MAWS,3575.7000000000003,,1.0,0 days 10:30:00,-0.4,-0.61,9.0,303.24,-0.0,-0.61,-0.0470914127423822,-10.722342,1.0,ROTE,,1.0,,0.0,1.0,0.0,1.0,1.0,,-0.41,0.2684210526315789,0.4473684210526316,gsm,72.39,-0.61,1.0,1.0,0.0,1.0,1.0,1.0,0.0,298.04999999999995,1.0,BAA,0.0
2025-01-01,1.0,140.168,111.3344,wigos_id:0-22000-0-5301766,1.0,300534061900180,0.0,26.0,1.0,0.113031821029992,0.8379999999999996,0.025,-0.0,1.0,133.161,5.799990000000001,1.0,100823.1,3.0,12.94,1.0,-0.199,68.9255162116041,298.275,1.0,298.375,1.0,20.714,0.0,0.04,4.02,1.0,MAWS,581.8140000000001,12.54,1.0,0 days 09:18:00,0.161,0.025,1.0,298.275,-1e-05,2.286,0.161,-6.69941,1.0,REMBANG,302.471,1.0,31.96,3.3838716884887354,1.0,0.0,1.0,1.0,1.611,-0.069,1.706008230452675,2.5590123456790126,gsm,96.386,0.025,1.0,1.0,0.0,-4.332,1.0,1.0,0.0,297.25,1.0,RBG,0.0
2025-01-01,1.0,3.3,108.3834,wigos_id:0-22000-0-5301783,1.0,300534061807890,0.0,27.0,1.0,-0.6,2.956,-0.015,0.0,1.0,6.200000000000001,0.4004,1.0,100955.3,1.0,13.174,1.0,0.0,84.2,299.835,1.0,300.035,1.0,0.0,0.0,0.06,6.13,1.0,MAWS,645.5,7.85,1.0,0 days 08:54:00,-0.6,-0.015,1.0,299.935,0.0004,2.019,-0.6,3.89271,1.0,NATUNA,301.17999999999995,1.0,30.92,0.0,1.0,0.0,1.0,1.0,3.014,-0.247,7.4,8.100000000000001,gsm,88.21900000000001,-0.015,1.0,1.0,0.0,-4.8,1.0,1.0,0.0,297.45,1.0,RAN,0.0
2025-01-01,1.0,289.8,98.700572,wigos_id:0-22000-0-5301800,1.0,300534061904180,0.0,25.0,1.0,-0.0285544318857822,1.842935074,-0.1,0.0,1.0,305.8,0.0,1.0,100980.0,1.0,12.94,1.0,0.2,14.5,298.35,1.0,298.45,1.0,0.0,0.0,-0.05,4.930935074,1.0,MAWS,58.0,7.73,1.0,0 days 07:12:00,-0.1,-0.1,1.0,298.45,0.0,3.5,-0.0547293277810827,3.785223,1.0,BELAWAN,302.4,1.0,27.48,0.0,1.0,0.0,1.0,1.0,1.847,-0.3,1.170731707317073,2.2439024390243905,gsm,90.6,-0.1,1.0,1.0,0.0,0.0,1.0,1.0,0.0,296.25,1.0,BLW,0.0
2025-01-01,1.0,301.5,117.59412,wigos_id:0-22000-0-5301769,1.0,300534061808840,0.0,27.0,1.0,-0.23,4.502,0.0,0.0,1.0,306.37,12.8,1.0,100886.0,1.0,13.876,1.0,-0.1,380.9,299.54999999999995,1.0,299.85,1.0,0.0,0.0,0.08,7.8,1.0,MAWS,3452.7000000000003,7.48,1.0,0 days 10:12:00,-0.23,0.0,1.0,299.75,0.0,0.0,-0.23,3.280657,1.0,TARAKAN,302.25,1.0,30.24,0.0,1.0,0.0,1.0,1.0,4.664000000000001,-0.54,3.1700000000000004,3.77,gsm,88.5,0.0,1.0,1.0,0.0,-3.0,1.0,1.0,0.0,297.35,1.0,TAR,0.0
2025-01-01,1.0,109.3,98.78572,wigos_id:0-22000-0-5301782,1.0,300534061808890,0.0,25.0,1.0,-0.0263703703703703,1.994,0.0,-0.0,1.0,111.87,4.1992,1.0,100968.0,1.0,12.94,1.0,0.138,20.700000000000003,298.65,1.0,298.75,1.0,0.0,0.0,0.05,4.57,1.0,MAWS,117.2,7.86,1.0,0 days 09:18:00,-0.03,0.0,1.0,298.75,-0.0008,2.1,-0.03,1.728523,1.0,SIBOLGA,304.718,1.0,31.57,0.0,1.0,0.0,1.0,1.0,2.065,-0.02,2.373333333333333,3.0700000000000003,gsm,89.8,0.0,1.0,1.0,0.0,-2.5,1.0,1.0,0.0,296.35,1.0,SBG,0.0
2025-01-01,1.0,247.7,119.9199,wigos_id:0-22000-0-5301781,1.0,300534061806860,0.0,27.0,1.0,-0.1560923701994168,1.3470000000000004,0.01,0.0,1.0,260.92,0.0,1.0,100882.0,4.0,13.876,1.0,0.06,273.1,299.76,1.0,299.96,1.0,0.0,0.0,0.05,5.48,1.0,MAWS,2504.9,1310.71,1.0,0 days 08:06:00,-0.18,0.01,1.0,299.86,0.0,-1.3,-0.18,-8.46055,1.0,LABUAN BAJO,302.38,1.0,33.97,0.0,1.0,0.0,1.0,1.0,1.398,-0.08,2.33271375464684,2.72,gsm,87.4,0.01,1.0,1.0,0.0,3.0,1.0,1.0,0.0,297.85,1.0,LBJ,0.0
2025-01-01,1.0,13.3,105.31998,wigos_id:0-22000-0-5301774,1.0,300534061809870,0.0,27.0,1.0,-0.1277937648192839,2.5969999999999995,0.1,-0.0,1.0,24.770000000000003,0.0,1.0,100913.0,1.0,12.94,1.0,0.41,64.5,300.04999999999995,1.0,300.15,1.0,0.0,0.0,0.05,4.52,1.0,MAWS,500.0,7.9,1.0,0 days 09:36:00,-0.33,0.1,1.0,300.04999999999995,-0.0,0.84,-0.1677293163253101,-5.4699861,1.0,PANJANG,303.29999999999995,1.0,32.4,0.0,1.0,0.0,1.0,1.0,2.695,-0.07,1.459946949602122,1.9161803713527847,gsm,84.44000000000001,0.1,1.0,1.0,0.0,10.5,1.0,1.0,0.0,296.95,1.0,BDL,0.0
2025-01-01,1.0,97.2,112.683796,wigos_id:0-22000-0-5301773,1.0,300534061806880,0.0,28.0,1.0,-0.056,3.055,0.1,0.0,1.0,109.8,0.0,1.0,100850.0,1.0,13.174,1.0,0.32,115.7,300.15,1.0,300.45,1.0,0.0,0.0,0.05,5.48,1.0,MAWS,1129.2,11.44,1.0,0 days 08:48:00,-0.1,0.1,1.0,300.25,0.0,-0.4,-0.0808888888888889,-8.434172,1.0,MALANG,302.67999999999995,1.0,32.55,0.0,1.0,0.0,1.0,1.0,3.102,-0.1,0.84,1.2133333333333334,gsm,86.8,0.1,1.0,1.0,0.0,3.0,1.0,1.0,0.0,298.04999999999995,1.0,MLG,0.0
2025-01-01,1.0,332.90000000000003,110.799452,wigos_id:0-22000-0-5301767,1.0,300534061906180,0.0,25.0,1.0,0.4355998576005697,1.0690000000000008,0.62,0.0,1.0,342.16,29.4001,1.0,100822.0,1.0,13.642,3.0,0.2,177.3,298.47,1.0,298.67,1.0,0.0,0.0,-0.05,-5.02,1.0,MAWS,1696.2,6.9,1.0,0 days 09:36:00,0.46,0.62,1.0,298.57,0.0001,2.52,0.46,-8.191283,1.0,SADENG,302.54999999999995,1.0,0.0,0.0,1.0,0.0,1.0,1.0,1.919,-0.08,1.0037735849056606,2.66,gsm,96.82,0.62,1.0,1.0,0.0,2.0,1.0,1.0,0.0,297.04999999999995,1.0,WNO,0.0
2025-01-01,1.0,210.1,127.45588,wigos_id:0-22000-0-5301792,1.0,300534063744650,0.0,28.0,1.0,0.0158530762167125,1.791241572,0.1,-0.0,1.0,201.32,0.19993,1.0,101105.0,1.0,13.174,1.0,0.011,155.5,300.65,1.0,301.25,1.0,0.0,0.0,-0.01,3.922241572,1.0,MAWS,712.2,8.07,1.0,0 days 08:30:00,0.02,0.1,1.0,301.04999999999995,-7e-05,-1.2,0.02,0.680083,1.0,TIDORE,302.581,1.0,33.78,0.0,1.0,0.0,1.0,1.0,1.801,-0.45,2.615757575757576,6.42,gsm,78.2,0.1,1.0,1.0,0.0,0.0,1.0,1.0,0.0,296.45,1.0,TDR,0.0
2025-01-01,1.0,219.8,109.127352,wigos_id:0-22000-0-5301805,1.0,300534063742740,0.0,25.0,1.0,0.0215954631379962,-1.619,0.15,-0.0,1.0,193.88,0.0,1.0,100818.0,9.0,13.174,9.0,0.08,192.0,298.6,1.0,298.9,1.0,0.8,0.0,0.0,0.0,1.0,MAWS,1696.1,,1.0,0 days 09:24:00,0.08,0.15,9.0,298.79999999999995,-0.0,0.8,0.0287939508506616,-6.848089,1.0,TEGAL,,1.0,,0.8,1.0,0.0,1.0,1.0,0.319,-0.12,0.6208695652173915,0.8278260869565218,gsm,96.8,0.15,1.0,1.0,0.0,2.0,1.0,1.0,0.0,298.04999999999995,1.0,TGL,0.0
2025-01-01,1.0,218.6,122.4562965,wigos_id:0-22000-0-5301791,1.0,300534063744720,0.0,29.0,1.0,-0.1250503472222222,0.920589156,0.16,-0.0,1.0,214.53,0.0,1.0,100906.0,1.0,13.876,1.0,-0.01,477.7000000000001,302.21,1.0,303.01,1.0,0.0,0.0,-0.09,5.205589156,1.0,MAWS,4660.8,7.91,1.0,0 days 06:42:00,-0.17,0.16,1.0,302.41,-0.0,1.9,-0.17,-4.445947,1.0,TOROBULU,303.02,1.0,33.34,0.0,1.0,0.0,1.0,1.0,0.893,-0.44,1.7654166666666666,3.33,gsm,74.80000000000001,0.16,1.0,1.0,0.0,0.0,1.0,1.0,0.0,297.35,1.0,ADL,0.0
2025-01-01,1.0,59.7,108.882509,wigos_id:0-22000-0-5301780,1.0,300534061805900,0.0,28.0,1.0,0.0,2.463,-0.02,0.0,1.0,67.8,67.2,1.0,100882.0,1.0,13.408,1.0,-0.21,111.5,299.53,1.0,299.63,1.0,0.0,0.0,0.08,7.86,1.0,MAWS,1033.5,3.14,1.0,0 days 02:30:00,0.0,-0.02,1.0,299.63,0.0,-1.7,0.0,0.500653,1.0,KIJING,302.02,1.0,30.32,0.0,1.0,0.0,1.0,1.0,2.915,-0.08,4.7,5.4,gsm,89.7,-0.02,1.0,1.0,0.0,-3.0,1.0,1.0,0.0,298.04999999999995,1.0,MPW,0.0
2025-01-01,1.0,255.7,107.908435,wigos_id:0-22000-0-5301784,1.0,300534061801870,0.0,28.0,1.0,-0.3058556149732619,1.0889999999999995,0.3,-0.0,1.0,250.69,0.0,1.0,100779.0,4.0,13.174,1.0,0.0,128.3,300.45,1.0,300.54999999999995,1.0,0.0,0.0,0.05,5.21,1.0,MAWS,1165.0,17.37,1.0,0 days 09:54:00,-0.31,0.3,1.0,300.45,-0.0,2.28,-0.31,-6.233567,1.0,PATIMBAN,301.54999999999995,1.0,32.46,0.0,1.0,0.0,1.0,1.0,1.137,-0.41,3.69,4.69,gsm,82.38000000000001,0.3,1.0,1.0,0.0,-4.3,1.0,1.0,0.0,296.35,1.0,SNG,0.0
2025-01-01,1.0,235.88,110.429594,wigos_id:0-22000-0-5301801,1.0,300534063741750,0.0,28.0,1.0,-0.06,1.5862475220000003,0.13,3e-05,1.0,234.14,60.60003,1.0,100937.0,1.0,12.706,1.0,0.19,0.0,298.08,1.0,298.88,1.0,0.0,0.0,-0.06,3.914247522,1.0,MAWS,0.0,8.01,1.0,0 days 07:30:00,-0.06,0.13,1.0,298.48,3e-05,-0.6,-0.06,-5.878397,1.0,KARIMUNJAWA,302.14,1.0,32.0,0.0,1.0,0.0,1.0,1.0,1.577,-0.03,7.040000000000001,9.44,gsm,92.1,0.13,1.0,1.0,0.0,0.18,1.0,1.0,3.2000300000000004,296.65,1.0,JPA,0.0
2025-01-01,1.0,279.5,120.405456,wigos_id:0-22000-0-5301771,1.0,300534061907190,0.0,28.0,1.0,-0.388,1.6820000000000004,0.017,-0.0,1.0,271.112,0.0,1.0,100803.4,1.0,13.876,1.0,0.191,397.7000000000001,300.667,1.0,300.867,1.0,0.0,0.0,0.05,4.65,1.0,MAWS,3635.1,7.98,1.0,0 days 08:00:00,-0.388,0.017,1.0,300.767,-0.0,1.807,-0.388,-4.543464,1.0,BAJOE,302.851,1.0,33.79,0.0,1.0,0.0,1.0,1.0,1.723,-0.866,4.612,5.212000000000001,gsm,79.10700000000001,0.017,1.0,1.0,0.0,0.0,1.0,1.0,0.0,296.45,1.0,WTP,0.0
2025-01-01,1.0,286.8,128.1011764,wigos_id:0-22000-0-5301803,1.0,300534061605670,0.0,30.0,1.0,0.41,-8.508000000000001,0.3,-0.0,1.0,236.71,0.0,1.0,100898.0,1.0,13.876,1.0,-0.021,558.0,302.85,1.0,303.25,1.0,0.0,0.0,0.0,0.0,1.0,MAWS,5154.8,7.53,1.0,0 days 08:18:00,0.41,0.3,1.0,303.04999999999995,-0.0,1.1,0.41,-3.7907822,1.0,AMBON,302.089,1.0,18.49,0.0,1.0,0.0,1.0,1.0,0.0,-0.12,2.01,2.8100000000000005,gsm,76.7,0.3,1.0,1.0,0.0,0.0,1.0,1.0,0.0,298.04999999999995,1.0,AMB,0.0
2025-01-01,1.0,16.400000000000002,132.741513,wigos_id:0-22000-0-5301799,1.0,300534063748680,0.0,30.0,1.0,-0.3995106205747605,1.6014035809999996,0.08,-0.0,1.0,18.85,23.19993,1.0,100936.0,1.0,13.408,1.0,0.046,123.7,301.83,1.0,301.92999999999995,1.0,0.0,0.0,-0.05,4.899403581,1.0,MAWS,1154.8,7.890000000000001,1.0,0 days 09:30:00,-1.85,0.08,1.0,301.83,-7e-05,-3.2,-0.5875156184922949,-5.616902,1.0,TUAL,302.886,1.0,33.01,0.0,1.0,0.0,1.0,1.0,1.584,-0.54,1.0581632653061226,1.556122448979592,gsm,80.2,0.08,1.0,1.0,0.0,0.0,1.0,1.0,0.0,298.75,1.0,TUL,0.0
2025-01-01,1.0,179.5,119.857228,wigos_id:0-22000-0-5301770,1.0,300534061902190,0.0,27.0,1.0,-0.0358584909160231,3.678,0.199,0.0,1.0,192.503,0.0,1.0,100880.1,3.0,13.408,1.0,0.169,238.6,300.449,1.0,300.749,1.0,0.0,0.0,0.06,5.91,1.0,MAWS,2111.6,12.49,1.0,0 days 08:18:00,-0.097,0.199,1.0,300.649,0.0,-1.699,-0.0614716987131825,-0.711692,1.0,PALU,302.929,1.0,32.88,0.0,1.0,0.0,1.0,1.0,3.815,-0.799,0.6620882188721385,1.1350083752093805,gsm,81.501,0.199,1.0,1.0,0.0,0.0,1.0,1.0,0.0,297.25,1.0,PAL,0.0
2025-01-01,1.0,106.0,124.839557,wigos_id:0-22000-0-5301793,1.0,300534063744670,0.0,27.0,1.0,-0.2228853,2.6989113520000005,0.089,0.0,1.0,106.607,3.0,1.0,100977.0,1.0,13.174,1.0,-0.22,96.3,299.939,1.0,300.039,1.0,0.0,0.0,-0.06,5.474911352,1.0,MAWS,866.8000000000001,8.14,1.0,0 days 07:36:00,-0.493,0.089,1.0,299.939,0.0,0.663,-0.4454255000000001,1.497902,1.0,MANADO,302.62,1.0,33.37,0.0,1.0,0.0,1.0,1.0,2.624,-0.23,0.9042,1.8070000000000004,gsm,84.263,0.089,1.0,1.0,0.0,0.0,1.0,1.0,0.0,296.85,1.0,MND,0.0
2025-01-01,1.0,47.0,122.98884,wigos_id:0-22000-0-5301794,1.0,300534063740750,0.0,28.0,1.0,0.0,1.563585378,0.1,-0.0,1.0,66.2,0.0,1.0,100890.0,3.0,13.642,1.0,0.0,412.5,301.25,1.0,301.95,1.0,0.0,0.0,-0.02,5.332585378,1.0,MAWS,3380.9,12.03,1.0,0 days 09:24:00,0.0,0.1,1.0,301.54999999999995,-0.0,-1.0,0.0,-8.343267,1.0,LARANTUKA,302.51,1.0,33.9,0.0,1.0,0.0,1.0,1.0,1.563,-0.3,1.4,2.1,gsm,78.2,0.1,1.0,1.0,0.0,-14.0,1.0,1.0,0.0,297.54999999999995,1.0,LRT,0.0
2025-01-01,1.0,290.5,112.367521,wigos_id:0-22000-0-5301797,1.0,300534063741820,0.0,26.0,1.0,-0.2134897959183673,1.4776252280000004,0.16,-0.0,1.0,293.07000000000005,7.39991,1.0,100828.0,1.0,12.94,1.0,0.0,69.9,298.81,1.0,298.91,1.0,0.0,0.0,-0.04,5.124625228,1.0,MAWS,642.8000000000001,8.8,1.0,0 days 08:12:00,-0.33,0.16,1.0,298.91,-9e-05,0.0,-0.2476481632653061,-6.8656796,1.0,PACIRAN,302.51,1.0,22.48,0.0,1.0,0.0,1.0,1.0,-0.039,-0.32,2.2642857142857142,2.626571428571429,gsm,92.0,0.16,1.0,1.0,0.0,4.0,1.0,1.0,0.0,297.35,1.0,LMG,0.0
2025-01-01,1.0,117.3,119.131067,wigos_id:0-22000-0-5301787,1.0,300534063841280,0.0,27.0,1.0,-0.09408,3.254951296,0.1,-0.0,1.0,81.9,0.39994,1.0,100911.0,1.0,13.174,1.0,-0.049,214.5,299.65,1.0,299.95,1.0,0.0,0.0,-0.02,6.645951296,1.0,MAWS,2091.1,7.73,1.0,0 days 09:12:00,-0.4,0.1,1.0,299.85,-6e-05,-0.2,-0.16128,-2.47355,1.0,BELANG BELANG,303.291,1.0,32.82,0.0,1.0,0.0,1.0,1.0,3.26,-0.39,0.5880000000000001,1.0080000000000002,gsm,79.5,0.1,1.0,1.0,0.0,0.0,1.0,1.0,0.0,296.04999999999995,1.0,MAM,0.0
2025-01-01,1.0,347.3,122.62974,wigos_id:0-22000-0-5301788,1.0,300534063747710,0.0,27.0,1.0,-0.204,1.0864809869999998,0.1,-0.0,1.0,359.01000000000005,78.39994,1.0,100901.0,1.0,13.642,1.0,-0.002,433.6,299.65,1.0,300.35,1.0,0.0,0.0,-0.02,4.568480987,1.0,MAWS,3240.6000000000004,10.66,1.0,0 days 07:12:00,-0.39,0.1,1.0,300.04999999999995,-6e-05,-2.3,-0.24225,-1.210097,1.0,TANGKIANG LUWUK,302.738,1.0,33.56,0.0,1.0,0.0,1.0,1.0,1.084,-0.29,1.36,1.615,gsm,82.00000000000001,0.1,1.0,1.0,0.0,0.0,1.0,1.0,0.0,297.04999999999995,1.0,LWK,0.0
2025-01-01,1.0,312.3,103.483,wigos_id:0-22000-0-5301779,1.0,300534061905200,0.0,27.0,1.0,-0.05,4.476,,-0.0,1.0,302.75,0.1999,1.0,100960.0,1.0,12.472,1.0,0.01,38.900000000000006,,1.0,,1.0,0.0,0.0,0.02,1.8,1.0,MAWS,343.8,7.31,9.0,0 days 09:30:00,-0.05,,1.0,,-0.0001,3.79,-0.05,-0.80324,9.0,JAMBI,301.79999999999995,1.0,23.47,0.0,1.0,0.0,1.0,9.0,4.561999999999999,0.0,2.5500000000000003,3.0500000000000003,gsm,99.99,,1.0,1.0,0.0,1.8,9.0,1.0,0.0,,1.0,KLT,0.0
2025-01-01,1.0,248.88,134.076709,wigos_id:0-22000-0-5301789,1.0,300534063742700,0.0,27.0,1.0,-0.0641725,2.43819867,0.84,-0.0,1.0,241.23,0.0,1.0,100942.0,1.0,12.94,1.0,0.08,45.11491728776586,302.19,1.0,302.29,1.0,-35.39631917939,0.0,-0.02,4.42319867,1.0,MAWS,399.5632270496273,6.07,1.0,0 days 06:12:00,-0.07,0.84,1.0,302.29,-0.0,-0.54,-0.07,-0.869683,1.0,MANOKWARI,303.42999999999995,1.0,33.11,-3.9966190679283873,1.0,0.0,1.0,1.0,2.45,-1.18,1.8335,2.2300000000000004,gsm,78.86,0.84,1.0,1.0,0.0,16.08,1.0,1.0,0.0,297.75,1.0,MNK,0.0
2025-01-01,1.0,5.4,131.2905857,wigos_id:0-22000-0-5301796,1.0,300534063749760,0.0,30.0,1.0,-0.0159173553719008,1.6592383170000002,0.1,-0.0,1.0,10.14,0.19998,1.0,100838.0,4.0,14.11,1.0,0.042,590.7,303.95,1.0,304.15,1.0,0.0,0.0,-0.02,5.341238317,1.0,MAWS,5761.200000000001,1310.71,1.0,0 days 09:42:00,-0.06,0.1,1.0,304.04999999999995,-2e-05,2.1,-0.0318347107438016,-7.9819063,1.0,SAUMLAKI,303.722,1.0,33.660000000000004,0.0,1.0,0.0,1.0,1.0,1.638,-0.42,0.5836363636363637,1.1672727272727277,gsm,75.1,0.1,1.0,1.0,0.0,0.0,1.0,1.0,0.0,298.15,1.0,SML,0.0
2025-01-01,1.0,3.6100000000000714,140.380499,wigos_id:0-22000-0-5301790,1.0,300534063749720,0.0,30.0,1.0,-0.2809889196675901,4.884270636999999,-0.07,-0.0,1.0,6.57,7.599979999999999,1.0,100893.0,4.0,13.876,1.0,-0.26,1067.542,302.08,1.0,302.48,1.0,2.942,0.0,-0.02,8.607270637,1.0,MAWS,6313.242,1310.71,1.0,0 days 10:36:00,-0.43,-0.07,1.0,302.28,-2e-05,0.57,-0.43,-8.478508,1.0,MERAUKE,302.92999999999995,1.0,16.35,2.942,1.0,0.0,1.0,1.0,5.707000000000001,-0.27,2.4831578947368422,4.07,gsm,81.47,-0.07,1.0,1.0,0.0,12.41,1.0,1.0,0.0,298.45,1.0,MRK,0.0
2025-01-01,1.0,84.60000000000001,119.612001,wigos_id:0-22000-0-5301798,1.0,300534063748710,0.0,25.0,1.0,-0.0743589256198347,2.068304336,0.09,0.0,1.0,85.766,50.6,1.0,100934.4,1.0,13.642,1.0,-0.813,248.6,299.54,1.0,299.84,1.0,0.0,0.0,-0.04,5.742304336,1.0,MAWS,2355.5,7.29,1.0,0 days 08:54:00,-0.134,0.09,1.0,299.64,0.0,0.367,-0.0915186776859504,-4.366579,1.0,GARONGKONG,301.787,1.0,30.76,0.0,1.0,0.0,1.0,1.0,2.106,-0.256,1.2208181818181818,1.5025454545454546,gsm,85.56700000000001,0.09,1.0,1.0,0.0,0.0,1.0,1.0,0.0,297.04999999999995,1.0,BAR,0.0
2025-01-01,1.0,217.3,116.673984,wigos_id:0-22000-0-5301802,1.0,300534063744730,0.0,27.0,1.0,-0.1,3.262,0.11,0.0,1.0,223.2,2.8000200000000004,1.0,100870.0,4.0,13.174,1.0,0.03,130.1,300.86,1.0,301.06,1.0,0.0,0.0,-0.07,6.864,1.0,MAWS,1233.0,1310.71,1.0,0 days 08:00:00,-0.1,0.11,1.0,300.96,2e-05,0.6,-0.1,-8.4857,1.0,KAYANGAN LOMBOK,302.26,1.0,33.21,0.0,1.0,0.0,1.0,1.0,3.2990000000000004,-0.4,4.000000000000001,5.1000000000000005,gsm,79.7,0.11,1.0,1.0,0.0,-4.0,1.0,1.0,0.0,296.95,1.0,TJN,0.0
